{
  "GRU": {
    "early_warning_rate_1_7d": 0.3472957244992721,
    "early_warning_rate_1_14d": 0.4911871614670987,
    "late_rate": 0.15441899069038745,
    "early_rate": 0.8455810093096126,
    "mae_late": 2.9499097189812646,
    "mae_early": 6.983856587172292,
    "coverage_3d": 0.5206259217354513,
    "coverage_7d": 0.6987332600676154,
    "coverage_14d": 0.8502567679544941,
    "calibration_ece": 0.11221093600857034,
    "concordance_index": 0.7925674901001857,
    "asymmetric_mae_alpha2": 6.816460664720433,
    "pinball_loss_q90": 5.360427059812541,
    "pinball_loss_q50": 3.1804692916437927,
    "business_cost_total": 940622.067264135,
    "business_cost_per_event": 1.271500943213844,
    "pct_missed_actionable": 0.06446707300753068,
    "pct_missed_total": 0.07194233906887654,
    "pct_late_marginal": 0.08247665162151092,
    "pct_late_total": 0.15441899069038745,
    "pct_early_useful": 0.4837213577678558
  },
  "RNN": {
    "early_warning_rate_1_7d": 0.3087271365675687,
    "early_warning_rate_1_14d": 0.4957953318112448,
    "late_rate": 0.14085266696675872,
    "early_rate": 0.8591473330332413,
    "mae_late": 2.8969181862746667,
    "mae_early": 7.4037789800531,
    "coverage_3d": 0.512239565380191,
    "coverage_7d": 0.6445923276464537,
    "coverage_14d": 0.8388600286844748,
    "calibration_ece": 0.08139802398422208,
    "concordance_index": 0.7789778402488117,
    "asymmetric_mae_alpha2": 7.177014270122778,
    "pinball_loss_q90": 5.765647133824303,
    "pinball_loss_q50": 3.384487808800741,
    "business_cost_total": 922726.2518262425,
    "business_cost_per_event": 1.2473099880993799,
    "pct_missed_actionable": 0.05841792009170381,
    "pct_missed_total": 0.07011610318300343,
    "pct_late_marginal": 0.07073656378375529,
    "pct_late_total": 0.14085266696675872,
    "pct_early_useful": 0.49617923335942243
  },
  "LSTM": {
    "early_warning_rate_1_7d": 0.3382767416491275,
    "early_warning_rate_1_14d": 0.47136351286137773,
    "late_rate": 0.16365560786890032,
    "early_rate": 0.8363443921310997,
    "mae_late": 2.779748988383548,
    "mae_early": 6.956542154104889,
    "coverage_3d": 0.5231848148012972,
    "coverage_7d": 0.7057354080238127,
    "coverage_14d": 0.8470044189231021,
    "calibration_ece": 0.11423169747849331,
    "concordance_index": 0.7955526663310154,
    "asymmetric_mae_alpha2": 6.727908040042961,
    "pinball_loss_q90": 5.2817506683299875,
    "pinball_loss_q50": 3.136493264813047,
    "business_cost_total": 958779.156641559,
    "business_cost_per_event": 1.2960450795602962,
    "pct_missed_actionable": 0.06798031287976176,
    "pct_missed_total": 0.07428494957236882,
    "pct_late_marginal": 0.0893706582965315,
    "pct_late_total": 0.16365560786890032,
    "pct_early_useful": 0.47452664533579897
  },
  "TCN": {
    "early_warning_rate_1_7d": 0.39078609249053425,
    "early_warning_rate_1_14d": 0.4728017919010291,
    "late_rate": 0.1501311888917276,
    "early_rate": 0.8498688111082724,
    "mae_late": 2.97180849271994,
    "mae_early": 7.5514467171814035,
    "coverage_3d": 0.5254287463857156,
    "coverage_7d": 0.7219146954538758,
    "coverage_14d": 0.8108162909433029,
    "calibration_ece": 0.23029105397470706,
    "concordance_index": 0.7092139055681955,
    "asymmetric_mae_alpha2": 7.31006132801958,
    "pinball_loss_q90": 5.820581253527641,
    "pinball_loss_q50": 3.431950092924502,
    "business_cost_total": 945076.365594673,
    "business_cost_per_event": 1.2775221123164444,
    "pct_missed_actionable": 0.06024145244554749,
    "pct_missed_total": 0.06734633461886282,
    "pct_late_marginal": 0.08278485427286478,
    "pct_late_total": 0.1501311888917276,
    "pct_early_useful": 0.48883508860150343
  },
  "DEEP_GRU": {
    "early_warning_rate_1_7d": 0.3674681287367882,
    "early_warning_rate_1_14d": 0.4923631978998963,
    "late_rate": 0.16345284296669385,
    "early_rate": 0.8365471570333062,
    "mae_late": 3.367989962023247,
    "mae_early": 6.602902347568976,
    "coverage_3d": 0.5247961198908314,
    "coverage_7d": 0.7192314399146765,
    "coverage_14d": 0.853855169085652,
    "calibration_ece": 0.14706324382535196,
    "concordance_index": 0.7921085065545808,
    "asymmetric_mae_alpha2": 6.624654255779342,
    "pinball_loss_q90": 5.02632602176223,
    "pinball_loss_q50": 3.0370733607016778,
    "business_cost_total": 957519.5889970083,
    "business_cost_per_event": 1.2943424388251643,
    "pct_missed_actionable": 0.07067843784512276,
    "pct_missed_total": 0.07828482520989546,
    "pct_late_marginal": 0.08516801775679837,
    "pct_late_total": 0.16345284296669385,
    "pct_early_useful": 0.4752430813235952
  }
}