{
  "hmm_features": [
    "log_attempts_7d",
    "log_rejects_7d",
    "decline_rate_30d_clipped",
    "days_since_last_attempt_hmm",
    "days_since_last_reject_hmm",
    "days_since_last_approval_hmm",
    "days_to_predicted_due_hmm",
    "payment_interval_stddev_hmm",
    "net_flow_30d_ratio",
    "liquidity_pressure",
    "no_inflow_30d",
    "missing_last_approval",
    "missing_predicted_due",
    "missing_interval_std",
    "log_attempts_7d_new",
    "retry_intensity_7d_norm",
    "log_target_txn_m1",
    "log_target_txn_m2",
    "log_target_txn_m3",
    "log_target_txn_total_3m",
    "target_months_active_clipped",
    "log_days_since_last_payment",
    "missing_days_since_payment",
    "billing_day_sin",
    "billing_day_cos",
    "log_inflow_7d",
    "log_outflow_7d",
    "log_signed_net_flow_7d",
    "log_inflow_14d",
    "log_outflow_14d",
    "log_signed_net_flow_14d",
    "log_inflow_30d",
    "log_outflow_30d",
    "log_signed_net_flow_30d",
    "attempts_in_day_clipped",
    "rejects_in_day_clipped",
    "approvals_in_day_clipped",
    "log_attempts_14d",
    "log_rejects_14d",
    "log_approvals_14d",
    "log_approvals_30d",
    "log_amount_mxn",
    "missing_amount_mxn",
    "log_plan_amount",
    "payment_interval_avg_clipped",
    "days_on_book_clipped",
    "user_age_years_clipped"
  ],
  "clip_zscore": 5.0,
  "scaler_mean": [
    0.5692731763705873,
    0.5619990445939054,
    0.5376001399926239,
    65.37923026622346,
    82.34280658155294,
    26.321369256320356,
    -8.230881667698087,
    11.203274645008298,
    0.028306733799482932,
    1.2695261038253691,
    0.26275866064920606,
    0.8081802959488286,
    0.22818885568757635,
    0.4910463574611172,
    0.5692731763705873,
    0.3221013897601157,
    0.3741672506090942,
    0.40876078096830193,
    0.31541459297929086,
    0.8333762775276993,
    2.974926003054824,
    4.150061512178642,
    0.22818885568757635,
    0.08333853275599384,
    -0.8111771657535631,
    3.2557269078274342,
    3.4215747844012596,
    0.1090192081888438,
    4.41900042384887,
    4.553986137480763,
    0.1055413136738632,
    5.83681352918034,
    6.008521596578556,
    -0.19697270260199304,
    1.094224805616513,
    0.7523659789823843,
    0.3418602873403996,
    0.9234473614262806,
    0.9093218275760211,
    0.020971315005710357,
    0.1412514402556957,
    3.435980990028684,
    0.0,
    2.4932530666054262,
    33.20772047096932,
    719.7734069659134,
    34.31845563421189
  ],
  "scaler_scale": [
    0.6291435269740926,
    0.6292926920724387,
    0.48380952190855625,
    80.98235714964581,
    86.627826295556,
    3.6571342013046517,
    14.90204446236745,
    14.591611543493489,
    0.8761898308019502,
    2.0802961060235208,
    0.4401324197364257,
    0.3937320220516647,
    0.4196649876122272,
    0.4999198258573928,
    0.6291435269740926,
    0.3434099139694603,
    0.386061754243081,
    0.38945327186275924,
    0.38360922634877637,
    0.5669768501679593,
    2.967269020744724,
    1.0538611872483952,
    0.4196649876122272,
    0.3123703729701511,
    0.4873100563831671,
    3.6233825118174585,
    3.5743218520676714,
    3.4101103747106096,
    3.838234945209006,
    3.761375462559117,
    3.692683565371179,
    3.7994399008635353,
    3.649276745385619,
    4.115759775491344,
    0.4307618957517849,
    0.6588876163464081,
    0.48021434004132074,
    0.9593148137349167,
    0.9639392504215231,
    0.12465575943042567,
    0.2970976358074145,
    0.8928922916258369,
    1.0,
    1.499001203233459,
    12.062168462336093,
    354.82696708407514,
    11.230950398973553
  ]
}