{
  "best_model_type_final": "TCN_CAL",
  "best_q_final": 0.15,
  "decoder_policy": "quantile q=0.15 para timing, EV para C-index",
  "temperature": 2.0070552197295317,
  "ece_final": 0.1174051452524582,
  "cindex_final": 0.741338474029253,
  "r_final": {
    "mae": 10.481071086618307,
    "p50e": 3.9952962222013233,
    "p90e": 26.884205280952745,
    "late%": 0.04846216339336526,
    "ewr7": 0.36018075815148703,
    "ewr14": 0.41190202940631787,
    "cov3": 0.45519909485747656,
    "cov7": 0.5909893980991466,
    "asym": 10.5290631257087,
    "med_p": 1.525398479527789
  }
}